Model,RMSE
SARIMAX,200.0358713428573
Prophet,73.27558755625613
LSTM,73.18622655882075
